id,participant_id,timestamp_utc,phase,post_id,category,has_face,has_text,colorfulness,visual_complexity,was_seen,liked,response,correct,confidence,dwell_time_sec,feed_position
1,ef870b6f-0efc-4fc6-9930-85a208113a6c,2026-04-25T20:05:23.375185,feed,eiffel_bright,travel,0,0,bright,medium,1,1,,,,4.334,1
2,ef870b6f-0efc-4fc6-9930-85a208113a6c,2026-04-25T20:05:28.252293,feed,sunset_person,travel,1,0,unknown,medium,1,1,,,,4.672,2
3,ef870b6f-0efc-4fc6-9930-85a208113a6c,2026-04-25T20:05:30.676256,feed,trees_dark,travel,0,0,dark,medium,1,0,,,,2.344,3
4,ef870b6f-0efc-4fc6-9930-85a208113a6c,2026-04-25T20:05:32.849061,feed,lighthouse_bright,travel,0,0,bright,low,1,0,,,,2.056,4
5,ef870b6f-0efc-4fc6-9930-85a208113a6c,2026-04-25T20:05:37.587788,feed,eiffel_dark,travel,0,0,dark,medium,1,1,,,,4.612,5
6,ef870b6f-0efc-4fc6-9930-85a208113a6c,2026-04-25T20:05:39.411004,feed,lighthouse_brighter,travel,0,0,bright,low,1,0,,,,1.717,6
7,ef870b6f-0efc-4fc6-9930-85a208113a6c,2026-04-25T20:05:52.001237,feed,ocean_dark,travel,0,0,dark,low,1,0,,,,12.494,7
8,ef870b6f-0efc-4fc6-9930-85a208113a6c,2026-04-25T20:05:56.270562,feed,forest_dark,travel,0,0,dark,low,1,0,,,,4.182,8
9,ef870b6f-0efc-4fc6-9930-85a208113a6c,2026-04-25T20:06:00.713697,feed,forest_bright,travel,0,0,bright,low,1,0,,,,4.319,9
10,ef870b6f-0efc-4fc6-9930-85a208113a6c,2026-04-25T20:06:04.188405,feed,beach,travel,0,0,unknown,medium,1,1,,,,3.387,10
11,ef870b6f-0efc-4fc6-9930-85a208113a6c,2026-04-25T20:06:06.890882,distractor,,,,,,,,,Coffee,,,,
12,ef870b6f-0efc-4fc6-9930-85a208113a6c,2026-04-25T20:06:12.005213,memory,beach,travel,0,0,unknown,medium,1,,1,1,5,5.002,
13,ef870b6f-0efc-4fc6-9930-85a208113a6c,2026-04-25T20:06:15.680528,memory,lighthouse_bright,travel,0,0,bright,low,1,,0,0,3,3.601,
14,ef870b6f-0efc-4fc6-9930-85a208113a6c,2026-04-25T20:06:21.643130,memory,ocean_dark,travel,0,0,dark,low,1,,0,0,4,5.88,
15,ef870b6f-0efc-4fc6-9930-85a208113a6c,2026-04-25T20:06:26.666113,memory,eiffel_bright,travel,0,0,bright,medium,1,,0,0,5,4.944,
16,ef870b6f-0efc-4fc6-9930-85a208113a6c,2026-04-25T20:06:30.916777,memory,trees_bright,travel,0,0,bright,medium,0,,0,1,1,4.176,
17,ef870b6f-0efc-4fc6-9930-85a208113a6c,2026-04-25T20:06:36.932798,memory,forest_dark,travel,0,0,dark,low,1,,0,0,3,5.943,
18,ef870b6f-0efc-4fc6-9930-85a208113a6c,2026-04-25T20:06:41.385689,memory,forest_bright,travel,0,0,bright,low,1,,0,0,4,4.386,
19,ef870b6f-0efc-4fc6-9930-85a208113a6c,2026-04-25T20:06:48.281690,memory,eiffel_dark,travel,0,0,dark,medium,1,,1,1,5,6.787,
20,ef870b6f-0efc-4fc6-9930-85a208113a6c,2026-04-25T20:06:53.879622,memory,lighthouse_darker,travel,0,0,dark,low,0,,0,1,3,5.453,
21,ef870b6f-0efc-4fc6-9930-85a208113a6c,2026-04-25T20:06:56.811869,memory,sunset_person,travel,1,0,unknown,medium,1,,1,1,3,2.839,
22,ef870b6f-0efc-4fc6-9930-85a208113a6c,2026-04-25T20:07:01.149323,memory,sunset_noperson,travel,0,0,unknown,medium,0,,1,0,3,4.271,
23,ef870b6f-0efc-4fc6-9930-85a208113a6c,2026-04-25T20:07:04.519875,memory,ocean_bright,travel,0,0,bright,low,0,,1,0,3,3.264,
24,ef870b6f-0efc-4fc6-9930-85a208113a6c,2026-04-25T20:07:07.321164,memory,lighthouse_brighter,travel,0,0,bright,low,1,,1,1,3,2.726,
25,ef870b6f-0efc-4fc6-9930-85a208113a6c,2026-04-25T20:07:10.764492,memory,trees_dark,travel,0,0,dark,medium,1,,1,1,3,3.372,
26,df02dc20-ee4a-4ae2-92c0-b0ba5ac57c36,2026-04-25T20:32:16.958316,feed,trees_bright,travel,0,0,bright,medium,1,1,,,,9.482,1
27,df02dc20-ee4a-4ae2-92c0-b0ba5ac57c36,2026-04-25T20:32:22.440217,feed,eiffel_dark,travel,0,0,dark,medium,1,1,,,,4.528,2
28,df02dc20-ee4a-4ae2-92c0-b0ba5ac57c36,2026-04-25T20:32:26.216973,feed,sunset_person,travel,1,0,unknown,medium,1,0,,,,3.454,3
29,df02dc20-ee4a-4ae2-92c0-b0ba5ac57c36,2026-04-25T20:32:35.129805,feed,ocean_dark,travel,0,0,dark,low,1,1,,,,8.755,4
30,df02dc20-ee4a-4ae2-92c0-b0ba5ac57c36,2026-04-25T20:32:47.908863,feed,forest_dark,travel,0,0,dark,low,1,1,,,,12.429,5
31,df02dc20-ee4a-4ae2-92c0-b0ba5ac57c36,2026-04-25T20:32:50.958865,feed,trees_dark,travel,0,0,dark,medium,1,0,,,,2.856,6
32,df02dc20-ee4a-4ae2-92c0-b0ba5ac57c36,2026-04-25T20:32:55.325676,feed,lighthouse_darker,travel,0,0,dark,low,1,0,,,,4.186,7
33,df02dc20-ee4a-4ae2-92c0-b0ba5ac57c36,2026-04-25T20:32:59.899061,feed,sunset_noperson,travel,0,0,unknown,medium,1,0,,,,4.421,8
34,df02dc20-ee4a-4ae2-92c0-b0ba5ac57c36,2026-04-25T20:33:02.999809,feed,eiffel_bright,travel,0,0,bright,medium,1,0,,,,2.715,9
35,df02dc20-ee4a-4ae2-92c0-b0ba5ac57c36,2026-04-25T20:33:06.441818,feed,lighthouse_bright,travel,0,0,bright,low,1,1,,,,3.261,10
36,df02dc20-ee4a-4ae2-92c0-b0ba5ac57c36,2026-04-25T20:33:10.027345,distractor,,,,,,,,,Coffee,,,,
37,df02dc20-ee4a-4ae2-92c0-b0ba5ac57c36,2026-04-25T20:33:16.492091,memory,trees_bright,travel,0,0,bright,medium,1,,1,1,5,6.309,
38,df02dc20-ee4a-4ae2-92c0-b0ba5ac57c36,2026-04-25T20:33:21.958555,memory,lighthouse_brighter,travel,0,0,bright,low,0,,0,1,3,5.316,
39,df02dc20-ee4a-4ae2-92c0-b0ba5ac57c36,2026-04-25T20:33:26.440566,memory,lighthouse_bright,travel,0,0,bright,low,1,,1,1,5,4.315,
40,df02dc20-ee4a-4ae2-92c0-b0ba5ac57c36,2026-04-25T20:33:32.947422,memory,forest_dark,travel,0,0,dark,low,1,,0,0,4,6.346,
41,df02dc20-ee4a-4ae2-92c0-b0ba5ac57c36,2026-04-25T20:33:39.169982,memory,sunset_person,travel,1,0,unknown,medium,1,,1,1,4,6.026,
42,df02dc20-ee4a-4ae2-92c0-b0ba5ac57c36,2026-04-25T20:33:59.329796,memory,ocean_dark,travel,0,0,dark,low,1,,1,1,5,19.965,
43,df02dc20-ee4a-4ae2-92c0-b0ba5ac57c36,2026-04-25T20:34:18.956023,memory,forest_bright,travel,0,0,bright,low,0,,0,1,3,18.476,
44,df02dc20-ee4a-4ae2-92c0-b0ba5ac57c36,2026-04-25T20:34:23.822306,memory,eiffel_dark,travel,0,0,dark,medium,1,,1,1,5,4.692,
45,df02dc20-ee4a-4ae2-92c0-b0ba5ac57c36,2026-04-25T20:34:27.383939,memory,sunset_noperson,travel,0,0,unknown,medium,1,,1,1,3,3.398,
46,df02dc20-ee4a-4ae2-92c0-b0ba5ac57c36,2026-04-25T20:34:37.797644,memory,trees_dark,travel,0,0,dark,medium,1,,1,1,3,10.255,
47,df02dc20-ee4a-4ae2-92c0-b0ba5ac57c36,2026-04-25T20:34:41.426698,memory,lighthouse_darker,travel,0,0,dark,low,1,,0,0,3,3.441,
48,df02dc20-ee4a-4ae2-92c0-b0ba5ac57c36,2026-04-25T20:34:46.397558,memory,beach,travel,0,0,unknown,medium,0,,0,1,3,4.827,
49,df02dc20-ee4a-4ae2-92c0-b0ba5ac57c36,2026-04-25T20:34:50.463138,memory,ocean_bright,travel,0,0,bright,low,0,,0,1,3,3.884,
50,df02dc20-ee4a-4ae2-92c0-b0ba5ac57c36,2026-04-25T20:34:53.467062,memory,eiffel_bright,travel,0,0,bright,medium,1,,1,1,3,2.853,
51,719f2474-8ab7-46a3-be02-15e9d1e46520,2026-04-25T20:58:01.807628,feed,trees_bright,travel,0,0,bright,medium,1,1,,,,7.854,1
52,719f2474-8ab7-46a3-be02-15e9d1e46520,2026-04-25T20:58:08.111893,feed,lighthouse_brighter,travel,0,0,bright,low,1,1,,,,5.592,2
53,719f2474-8ab7-46a3-be02-15e9d1e46520,2026-04-25T20:58:22.128824,feed,eiffel_dark,travel,0,0,dark,medium,1,1,,,,13.716,3
54,719f2474-8ab7-46a3-be02-15e9d1e46520,2026-04-25T20:58:27.559600,feed,lighthouse_bright,travel,0,0,bright,low,1,1,,,,5.27,4
55,719f2474-8ab7-46a3-be02-15e9d1e46520,2026-04-25T20:58:35.120301,feed,trees_dark,travel,0,0,dark,medium,1,0,,,,7.304,5
56,719f2474-8ab7-46a3-be02-15e9d1e46520,2026-04-25T20:58:40.828569,feed,ocean_bright,travel,0,0,bright,low,1,1,,,,5.551,6
57,719f2474-8ab7-46a3-be02-15e9d1e46520,2026-04-25T20:58:47.048773,feed,lighthouse_darker,travel,0,0,dark,low,1,1,,,,6.071,7
58,719f2474-8ab7-46a3-be02-15e9d1e46520,2026-04-25T20:59:01.013387,feed,forest_dark,travel,0,0,dark,low,1,1,,,,13.811,8
59,719f2474-8ab7-46a3-be02-15e9d1e46520,2026-04-25T20:59:05.153471,feed,beach,travel,0,0,unknown,medium,1,1,,,,3.888,9
60,6ace2b8b-b47c-42ab-8050-315c98493ea3,2026-04-25T20:59:11.273117,feed,lighthouse_bright,travel,0,0,bright,low,1,1,,,,37.674,1
61,6ace2b8b-b47c-42ab-8050-315c98493ea3,2026-04-25T20:59:18.934354,feed,lighthouse_darker,travel,0,0,dark,low,1,0,,,,7.387,2
62,719f2474-8ab7-46a3-be02-15e9d1e46520,2026-04-25T20:59:20.192238,feed,sunset_noperson,travel,0,0,unknown,medium,1,1,,,,14.855,10
63,719f2474-8ab7-46a3-be02-15e9d1e46520,2026-04-25T20:59:24.681111,distractor,,,,,,,,,Coffee,,,,
64,6ace2b8b-b47c-42ab-8050-315c98493ea3,2026-04-25T20:59:28.946598,feed,beach,travel,0,0,unknown,medium,1,1,,,,9.85,3
65,719f2474-8ab7-46a3-be02-15e9d1e46520,2026-04-25T20:59:31.800276,memory,beach,travel,0,0,unknown,medium,1,,1,1,3,6.95,
66,6ace2b8b-b47c-42ab-8050-315c98493ea3,2026-04-25T20:59:34.949535,feed,ocean_bright,travel,0,0,bright,low,1,1,,,,5.855,4
67,719f2474-8ab7-46a3-be02-15e9d1e46520,2026-04-25T20:59:39.265322,memory,trees_bright,travel,0,0,bright,medium,1,,0,0,3,7.294,
68,6ace2b8b-b47c-42ab-8050-315c98493ea3,2026-04-25T20:59:40.185360,feed,lighthouse_brighter,travel,0,0,bright,low,1,0,,,,5.08,5
69,719f2474-8ab7-46a3-be02-15e9d1e46520,2026-04-25T20:59:46.077431,memory,lighthouse_darker,travel,0,0,dark,low,1,,1,1,3,6.632,
70,6ace2b8b-b47c-42ab-8050-315c98493ea3,2026-04-25T20:59:46.182562,feed,forest_bright,travel,0,0,bright,low,1,1,,,,5.834,6
71,719f2474-8ab7-46a3-be02-15e9d1e46520,2026-04-25T20:59:51.833012,memory,lighthouse_bright,travel,0,0,bright,low,1,,0,0,3,5.565,
72,6ace2b8b-b47c-42ab-8050-315c98493ea3,2026-04-25T20:59:54.177528,feed,eiffel_bright,travel,0,0,bright,medium,1,1,,,,7.813,7
73,719f2474-8ab7-46a3-be02-15e9d1e46520,2026-04-25T20:59:56.176061,memory,sunset_noperson,travel,0,0,unknown,medium,1,,1,1,3,4.191,
74,6ace2b8b-b47c-42ab-8050-315c98493ea3,2026-04-25T20:59:59.322154,feed,forest_dark,travel,0,0,dark,low,1,0,,,,4.988,8
75,719f2474-8ab7-46a3-be02-15e9d1e46520,2026-04-25T21:00:05.489799,memory,lighthouse_brighter,travel,0,0,bright,low,1,,1,1,3,9.171,
76,6ace2b8b-b47c-42ab-8050-315c98493ea3,2026-04-25T21:00:14.377245,feed,ocean_dark,travel,0,0,dark,low,1,1,,,,14.912,9
77,6ace2b8b-b47c-42ab-8050-315c98493ea3,2026-04-25T21:00:22.251732,feed,trees_dark,travel,0,0,dark,medium,1,1,,,,7.704,10
78,719f2474-8ab7-46a3-be02-15e9d1e46520,2026-04-25T21:00:26.511554,memory,sunset_person,travel,1,0,unknown,medium,0,,0,1,3,20.866,
79,719f2474-8ab7-46a3-be02-15e9d1e46520,2026-04-25T21:00:32.766198,memory,forest_dark,travel,0,0,dark,low,1,,1,1,3,6.093,
80,6ace2b8b-b47c-42ab-8050-315c98493ea3,2026-04-25T21:00:34.356158,distractor,,,,,,,,,Coffee,,,,
81,719f2474-8ab7-46a3-be02-15e9d1e46520,2026-04-25T21:00:37.591826,memory,trees_dark,travel,0,0,dark,medium,1,,1,1,3,4.685,
82,719f2474-8ab7-46a3-be02-15e9d1e46520,2026-04-25T21:00:41.888351,memory,ocean_bright,travel,0,0,bright,low,1,,1,1,3,4.169,
83,719f2474-8ab7-46a3-be02-15e9d1e46520,2026-04-25T21:00:46.328263,memory,eiffel_dark,travel,0,0,dark,medium,1,,0,0,3,4.302,
84,6ace2b8b-b47c-42ab-8050-315c98493ea3,2026-04-25T21:00:46.579022,memory,forest_dark,travel,0,0,dark,low,1,,1,1,3,12.053,
85,6ace2b8b-b47c-42ab-8050-315c98493ea3,2026-04-25T21:00:51.012222,memory,trees_dark,travel,0,0,dark,medium,1,,1,1,3,4.257,
86,719f2474-8ab7-46a3-be02-15e9d1e46520,2026-04-25T21:00:54.028596,memory,forest_bright,travel,0,0,bright,low,0,,0,1,3,7.579,
87,6ace2b8b-b47c-42ab-8050-315c98493ea3,2026-04-25T21:00:56.963000,memory,eiffel_dark,travel,0,0,dark,medium,0,,0,1,3,5.792,
88,6ace2b8b-b47c-42ab-8050-315c98493ea3,2026-04-25T21:01:03.260848,memory,forest_bright,travel,0,0,bright,low,1,,1,1,3,6.135,
89,719f2474-8ab7-46a3-be02-15e9d1e46520,2026-04-25T21:01:06.586758,memory,ocean_dark,travel,0,0,dark,low,0,,0,1,3,12.401,
90,6ace2b8b-b47c-42ab-8050-315c98493ea3,2026-04-25T21:01:13.038909,memory,ocean_dark,travel,0,0,dark,low,1,,1,1,4,9.614,
91,719f2474-8ab7-46a3-be02-15e9d1e46520,2026-04-25T21:01:13.639438,memory,eiffel_bright,travel,0,0,bright,medium,0,,0,1,3,6.827,
92,6ace2b8b-b47c-42ab-8050-315c98493ea3,2026-04-25T21:01:17.007197,memory,lighthouse_bright,travel,0,0,bright,low,1,,1,1,3,3.808,
93,6ace2b8b-b47c-42ab-8050-315c98493ea3,2026-04-25T21:01:21.496516,memory,sunset_person,travel,1,0,unknown,medium,0,,0,1,3,4.337,
94,6ace2b8b-b47c-42ab-8050-315c98493ea3,2026-04-25T21:01:26.313037,memory,trees_bright,travel,0,0,bright,medium,0,,0,1,3,4.639,
95,6ace2b8b-b47c-42ab-8050-315c98493ea3,2026-04-25T21:01:30.850976,memory,lighthouse_darker,travel,0,0,dark,low,1,,1,1,3,4.388,
96,6ace2b8b-b47c-42ab-8050-315c98493ea3,2026-04-25T21:01:35.520996,memory,ocean_bright,travel,0,0,bright,low,1,,1,1,3,4.495,
97,6ace2b8b-b47c-42ab-8050-315c98493ea3,2026-04-25T21:01:45.597042,memory,sunset_noperson,travel,0,0,unknown,medium,0,,0,1,3,9.769,
98,6ace2b8b-b47c-42ab-8050-315c98493ea3,2026-04-25T21:01:50.210542,memory,lighthouse_brighter,travel,0,0,bright,low,1,,1,1,3,4.438,
99,6ace2b8b-b47c-42ab-8050-315c98493ea3,2026-04-25T21:01:54.190393,memory,eiffel_bright,travel,0,0,bright,medium,1,,1,1,3,3.826,
100,6ace2b8b-b47c-42ab-8050-315c98493ea3,2026-04-25T21:01:57.748018,memory,beach,travel,0,0,unknown,medium,1,,1,1,3,3.399,
101,dd70605b-6066-4ffa-9235-9caec6361502,2026-04-25T21:05:20.240330,feed,trees_dark,travel,0,0,dark,medium,1,1,,,,6.792,1
102,dd70605b-6066-4ffa-9235-9caec6361502,2026-04-25T21:05:24.906457,feed,eiffel_bright,travel,0,0,bright,medium,1,0,,,,3.89,2
103,05f26570-d940-4e9b-9403-1ec52160a774,2026-04-29T19:41:09.176354,feed,eiffel_bright,travel,0,0,bright,medium,1,0,,,,5.419,1
104,05f26570-d940-4e9b-9403-1ec52160a774,2026-04-29T19:41:21.295332,feed,ocean_bright,travel,0,0,bright,low,1,0,,,,10.876,2
105,05f26570-d940-4e9b-9403-1ec52160a774,2026-04-29T19:41:25.566316,feed,sunset_noperson,travel,0,0,unknown,medium,1,0,,,,3.907,3
106,05f26570-d940-4e9b-9403-1ec52160a774,2026-04-29T19:41:29.374149,feed,eiffel_dark,travel,0,0,dark,medium,1,0,,,,3.634,4
107,05f26570-d940-4e9b-9403-1ec52160a774,2026-04-29T19:41:33.355119,feed,trees_bright,travel,0,0,bright,medium,1,0,,,,3.717,5
108,05f26570-d940-4e9b-9403-1ec52160a774,2026-04-29T19:41:35.289311,feed,lighthouse_brighter,travel,0,0,bright,low,1,0,,,,1.779,6
109,05f26570-d940-4e9b-9403-1ec52160a774,2026-04-29T19:41:38.754034,feed,forest_bright,travel,0,0,bright,low,1,0,,,,3.293,7
110,05f26570-d940-4e9b-9403-1ec52160a774,2026-04-29T19:41:44.549943,feed,ocean_dark,travel,0,0,dark,low,1,0,,,,5.652,8
111,05f26570-d940-4e9b-9403-1ec52160a774,2026-04-29T19:41:48.175607,feed,sunset_person,travel,1,0,unknown,medium,1,0,,,,3.463,9
112,05f26570-d940-4e9b-9403-1ec52160a774,2026-04-29T19:41:51.687157,feed,trees_dark,travel,0,0,dark,medium,1,0,,,,3.371,10
113,05f26570-d940-4e9b-9403-1ec52160a774,2026-04-29T19:41:56.472570,distractor,,,,,,,,,Coffee,,,,
114,05f26570-d940-4e9b-9403-1ec52160a774,2026-04-29T19:42:04.215142,memory,beach,travel,0,0,unknown,medium,0,,0,1,4,7.563,
115,05f26570-d940-4e9b-9403-1ec52160a774,2026-04-29T19:42:14.348763,memory,trees_bright,travel,0,0,bright,medium,1,,0,0,4,9.977,
116,05f26570-d940-4e9b-9403-1ec52160a774,2026-04-29T19:42:38.528310,memory,ocean_dark,travel,0,0,dark,low,1,,0,0,4,24.024,
117,e3c659ff-90c4-4b20-a385-2ce542a010f2,2026-05-01T23:27:13.759891,feed,ocean_bright,travel,0,0,bright,low,1,0,,,,14.181,1
118,e3c659ff-90c4-4b20-a385-2ce542a010f2,2026-05-01T23:27:21.771538,feed,forest_dark,travel,0,0,dark,low,1,0,,,,6.855,2
119,e3c659ff-90c4-4b20-a385-2ce542a010f2,2026-05-01T23:27:26.989842,feed,ocean_dark,travel,0,0,dark,low,1,0,,,,4.928,3
120,e3c659ff-90c4-4b20-a385-2ce542a010f2,2026-05-01T23:27:34.072146,feed,sunset_person,travel,1,0,unknown,medium,1,1,,,,6.939,4
121,e3c659ff-90c4-4b20-a385-2ce542a010f2,2026-05-01T23:27:39.036511,feed,beach,travel,0,0,unknown,medium,1,1,,,,4.674,5
122,e3c659ff-90c4-4b20-a385-2ce542a010f2,2026-05-01T23:27:42.028933,feed,sunset_noperson,travel,0,0,unknown,medium,1,0,,,,2.823,6
123,e3c659ff-90c4-4b20-a385-2ce542a010f2,2026-05-01T23:27:45.618856,feed,trees_dark,travel,0,0,dark,medium,1,0,,,,2.839,7
124,e3c659ff-90c4-4b20-a385-2ce542a010f2,2026-05-01T23:27:51.879733,feed,eiffel_dark,travel,0,0,dark,medium,1,1,,,,6.102,8
125,e3c659ff-90c4-4b20-a385-2ce542a010f2,2026-05-01T23:27:55.454504,feed,lighthouse_darker,travel,0,0,dark,low,1,0,,,,3.444,9
126,e3c659ff-90c4-4b20-a385-2ce542a010f2,2026-05-01T23:27:57.310660,feed,lighthouse_brighter,travel,0,0,bright,low,1,0,,,,1.722,10
127,e3c659ff-90c4-4b20-a385-2ce542a010f2,2026-05-01T23:28:36.942661,distractor,,,,,,,,,Coffee,,,,
128,e3c659ff-90c4-4b20-a385-2ce542a010f2,2026-05-01T23:28:43.571341,memory,forest_bright,travel,0,0,bright,low,0,,0,1,3,6.437,
129,e3c659ff-90c4-4b20-a385-2ce542a010f2,2026-05-01T23:28:50.907993,memory,trees_bright,travel,0,0,bright,medium,0,,0,1,4,7.204,
130,e3c659ff-90c4-4b20-a385-2ce542a010f2,2026-05-01T23:28:56.854466,memory,forest_dark,travel,0,0,dark,low,1,,1,1,5,5.788,
131,e3c659ff-90c4-4b20-a385-2ce542a010f2,2026-05-01T23:29:02.062497,memory,lighthouse_brighter,travel,0,0,bright,low,1,,1,1,5,5.046,
132,e3c659ff-90c4-4b20-a385-2ce542a010f2,2026-05-01T23:29:07.562075,memory,sunset_person,travel,1,0,unknown,medium,1,,1,1,5,5.236,
133,e3c659ff-90c4-4b20-a385-2ce542a010f2,2026-05-01T23:29:15.825991,memory,ocean_dark,travel,0,0,dark,low,1,,1,1,5,8.103,
134,e3c659ff-90c4-4b20-a385-2ce542a010f2,2026-05-01T23:29:23.815662,memory,lighthouse_bright,travel,0,0,bright,low,0,,0,1,2,7.847,
135,e3c659ff-90c4-4b20-a385-2ce542a010f2,2026-05-01T23:29:28.816709,memory,sunset_noperson,travel,0,0,unknown,medium,1,,1,1,5,4.873,
136,e3c659ff-90c4-4b20-a385-2ce542a010f2,2026-05-01T23:29:33.963700,memory,eiffel_bright,travel,0,0,bright,medium,0,,0,1,4,5.013,
137,e3c659ff-90c4-4b20-a385-2ce542a010f2,2026-05-01T23:29:44.780513,memory,beach,travel,0,0,unknown,medium,1,,0,0,2,10.662,
138,55d7abd1-168f-4de9-9a72-38d0c8a7f928,2026-05-01T23:29:49.621565,feed,trees_dark,travel,0,0,dark,medium,1,0,,,,6.643,1
139,55d7abd1-168f-4de9-9a72-38d0c8a7f928,2026-05-01T23:29:55.178023,feed,eiffel_dark,travel,0,0,dark,medium,1,0,,,,5.403,2
140,e3c659ff-90c4-4b20-a385-2ce542a010f2,2026-05-01T23:29:57.164612,memory,lighthouse_darker,travel,0,0,dark,low,1,,1,1,3,12.248,
141,55d7abd1-168f-4de9-9a72-38d0c8a7f928,2026-05-01T23:29:58.677835,feed,eiffel_bright,travel,0,0,bright,medium,1,0,,,,3.365,3
142,e3c659ff-90c4-4b20-a385-2ce542a010f2,2026-05-01T23:30:02.573577,memory,ocean_bright,travel,0,0,bright,low,1,,1,1,3,5.25,
143,55d7abd1-168f-4de9-9a72-38d0c8a7f928,2026-05-01T23:30:03.202483,feed,forest_bright,travel,0,0,bright,low,1,0,,,,4.391,4
144,55d7abd1-168f-4de9-9a72-38d0c8a7f928,2026-05-01T23:30:08.117748,feed,ocean_bright,travel,0,0,bright,low,1,0,,,,4.715,5
145,55d7abd1-168f-4de9-9a72-38d0c8a7f928,2026-05-01T23:30:10.463791,feed,sunset_noperson,travel,0,0,unknown,medium,1,0,,,,2.19,6
146,e3c659ff-90c4-4b20-a385-2ce542a010f2,2026-05-01T23:30:10.914739,memory,trees_dark,travel,0,0,dark,medium,1,,0,0,2,8.178,
147,55d7abd1-168f-4de9-9a72-38d0c8a7f928,2026-05-01T23:30:14.768586,feed,ocean_dark,travel,0,0,dark,low,1,0,,,,4.138,7
148,55d7abd1-168f-4de9-9a72-38d0c8a7f928,2026-05-01T23:30:17.111702,feed,lighthouse_bright,travel,0,0,bright,low,1,0,,,,2.14,8
149,e3c659ff-90c4-4b20-a385-2ce542a010f2,2026-05-01T23:30:17.374385,memory,eiffel_dark,travel,0,0,dark,medium,1,,1,1,4,6.304,
150,55d7abd1-168f-4de9-9a72-38d0c8a7f928,2026-05-01T23:30:19.267184,feed,lighthouse_brighter,travel,0,0,bright,low,1,0,,,,2.013,9
151,55d7abd1-168f-4de9-9a72-38d0c8a7f928,2026-05-01T23:30:21.977820,feed,sunset_person,travel,1,0,unknown,medium,1,0,,,,2.569,10
152,55d7abd1-168f-4de9-9a72-38d0c8a7f928,2026-05-01T23:30:24.869124,distractor,,,,,,,,,Coffee,,,,
153,55d7abd1-168f-4de9-9a72-38d0c8a7f928,2026-05-01T23:30:31.695741,memory,eiffel_bright,travel,0,0,bright,medium,1,,1,1,5,6.689,
154,55d7abd1-168f-4de9-9a72-38d0c8a7f928,2026-05-01T23:30:44.979789,memory,ocean_dark,travel,0,0,dark,low,1,,1,1,5,13.162,
155,55d7abd1-168f-4de9-9a72-38d0c8a7f928,2026-05-01T23:30:49.529519,memory,sunset_noperson,travel,0,0,unknown,medium,1,,1,1,5,4.332,
156,c96d020a-f112-4d02-b866-4f8996c93789,2026-05-01T23:31:23.920301,feed,sunset_person,travel,1,0,unknown,medium,1,0,,,,3.183,1
157,c96d020a-f112-4d02-b866-4f8996c93789,2026-05-01T23:31:27.005359,feed,lighthouse_brighter,travel,0,0,bright,low,1,0,,,,2.912,2
158,c96d020a-f112-4d02-b866-4f8996c93789,2026-05-01T23:31:32.490375,feed,eiffel_bright,travel,0,0,bright,medium,1,1,,,,5.346,3
159,c96d020a-f112-4d02-b866-4f8996c93789,2026-05-01T23:31:35.151067,feed,ocean_bright,travel,0,0,bright,low,1,0,,,,2.52,4
160,c96d020a-f112-4d02-b866-4f8996c93789,2026-05-01T23:31:37.591836,feed,trees_dark,travel,0,0,dark,medium,1,0,,,,2.308,5
161,c96d020a-f112-4d02-b866-4f8996c93789,2026-05-01T23:31:40.717609,feed,beach,travel,0,0,unknown,medium,1,1,,,,2.858,6
162,c96d020a-f112-4d02-b866-4f8996c93789,2026-05-01T23:31:44.087297,feed,eiffel_dark,travel,0,0,dark,medium,1,1,,,,3.232,7
163,c96d020a-f112-4d02-b866-4f8996c93789,2026-05-01T23:31:47.101630,feed,lighthouse_darker,travel,0,0,dark,low,1,0,,,,2.795,8
164,c96d020a-f112-4d02-b866-4f8996c93789,2026-05-01T23:31:50.087150,feed,lighthouse_bright,travel,0,0,bright,low,1,0,,,,2.85,9
165,55d7abd1-168f-4de9-9a72-38d0c8a7f928,2026-05-01T23:31:52.183438,memory,lighthouse_brighter,travel,0,0,bright,low,1,,0,0,3,62.503,
166,c96d020a-f112-4d02-b866-4f8996c93789,2026-05-01T23:31:52.785563,feed,sunset_noperson,travel,0,0,unknown,medium,1,0,,,,2.564,10
167,c96d020a-f112-4d02-b866-4f8996c93789,2026-05-01T23:31:56.082655,distractor,,,,,,,,,Coffee,,,,
168,55d7abd1-168f-4de9-9a72-38d0c8a7f928,2026-05-01T23:31:59.783038,memory,forest_dark,travel,0,0,dark,low,0,,0,1,3,7.397,
169,c96d020a-f112-4d02-b866-4f8996c93789,2026-05-01T23:32:00.862643,memory,sunset_person,travel,1,0,unknown,medium,1,,1,1,3,4.649,
170,55d7abd1-168f-4de9-9a72-38d0c8a7f928,2026-05-01T23:32:03.140925,memory,sunset_person,travel,1,0,unknown,medium,1,,1,1,3,3.192,
171,c96d020a-f112-4d02-b866-4f8996c93789,2026-05-01T23:32:04.603720,memory,forest_bright,travel,0,0,bright,low,0,,0,1,3,3.591,
172,55d7abd1-168f-4de9-9a72-38d0c8a7f928,2026-05-01T23:32:08.034468,memory,trees_bright,travel,0,0,bright,medium,0,,0,1,4,4.745,
173,c96d020a-f112-4d02-b866-4f8996c93789,2026-05-01T23:32:09.649514,memory,eiffel_bright,travel,0,0,bright,medium,1,,1,1,5,4.852,
174,55d7abd1-168f-4de9-9a72-38d0c8a7f928,2026-05-01T23:32:12.957957,memory,trees_dark,travel,0,0,dark,medium,1,,1,1,5,4.752,
175,c96d020a-f112-4d02-b866-4f8996c93789,2026-05-01T23:32:13.986092,memory,beach,travel,0,0,unknown,medium,1,,1,1,5,4.189,
176,55d7abd1-168f-4de9-9a72-38d0c8a7f928,2026-05-01T23:32:18.096615,memory,lighthouse_darker,travel,0,0,dark,low,0,,0,1,4,4.965,
177,c96d020a-f112-4d02-b866-4f8996c93789,2026-05-01T23:32:19.171794,memory,eiffel_dark,travel,0,0,dark,medium,1,,1,1,5,5.025,
178,55d7abd1-168f-4de9-9a72-38d0c8a7f928,2026-05-01T23:32:23.416623,memory,beach,travel,0,0,unknown,medium,0,,0,1,5,5.179,
179,c96d020a-f112-4d02-b866-4f8996c93789,2026-05-01T23:32:24.559105,memory,lighthouse_darker,travel,0,0,dark,low,1,,1,1,5,5.232,
180,55d7abd1-168f-4de9-9a72-38d0c8a7f928,2026-05-01T23:32:28.518976,memory,lighthouse_bright,travel,0,0,bright,low,1,,1,1,5,4.949,
181,c96d020a-f112-4d02-b866-4f8996c93789,2026-05-01T23:32:31.874623,memory,ocean_bright,travel,0,0,bright,low,1,,1,1,5,7.19,
182,55d7abd1-168f-4de9-9a72-38d0c8a7f928,2026-05-01T23:32:32.638753,memory,ocean_bright,travel,0,0,bright,low,1,,1,1,4,3.965,
183,c96d020a-f112-4d02-b866-4f8996c93789,2026-05-01T23:32:37.578323,memory,trees_bright,travel,0,0,bright,medium,0,,0,1,5,5.486,
184,55d7abd1-168f-4de9-9a72-38d0c8a7f928,2026-05-01T23:32:37.679671,memory,eiffel_dark,travel,0,0,dark,medium,1,,1,1,5,4.886,
185,55d7abd1-168f-4de9-9a72-38d0c8a7f928,2026-05-01T23:32:42.878639,memory,forest_bright,travel,0,0,bright,low,1,,1,1,5,5.01,
186,c96d020a-f112-4d02-b866-4f8996c93789,2026-05-01T23:32:43.554113,memory,forest_dark,travel,0,0,dark,low,0,,0,1,5,5.788,
187,c96d020a-f112-4d02-b866-4f8996c93789,2026-05-01T23:32:47.431375,memory,lighthouse_bright,travel,0,0,bright,low,1,,1,1,5,3.728,
188,c96d020a-f112-4d02-b866-4f8996c93789,2026-05-01T23:32:53.399855,memory,ocean_dark,travel,0,0,dark,low,0,,0,1,5,5.826,
189,c96d020a-f112-4d02-b866-4f8996c93789,2026-05-01T23:32:58.858724,memory,lighthouse_brighter,travel,0,0,bright,low,1,,1,1,5,5.323,
190,c96d020a-f112-4d02-b866-4f8996c93789,2026-05-01T23:33:04.609071,memory,sunset_noperson,travel,0,0,unknown,medium,1,,1,1,5,5.621,
191,c96d020a-f112-4d02-b866-4f8996c93789,2026-05-01T23:33:10.503732,memory,trees_dark,travel,0,0,dark,medium,1,,1,1,5,5.731,
192,6ae10ef6-c0db-415f-a5ce-22e595c93bf6,2026-05-01T23:33:46.620751,feed,lighthouse_darker,travel,0,0,dark,low,1,1,,,,12.852,1
193,6ae10ef6-c0db-415f-a5ce-22e595c93bf6,2026-05-01T23:33:51.127665,feed,sunset_person,travel,1,0,unknown,medium,1,1,,,,4.22,2
194,6ae10ef6-c0db-415f-a5ce-22e595c93bf6,2026-05-01T23:34:00.092487,feed,ocean_dark,travel,0,0,dark,low,1,0,,,,8.832,3
195,6ae10ef6-c0db-415f-a5ce-22e595c93bf6,2026-05-01T23:34:05.302223,feed,forest_bright,travel,0,0,bright,low,1,1,,,,5.059,4
196,6ae10ef6-c0db-415f-a5ce-22e595c93bf6,2026-05-01T23:34:09.973297,feed,beach,travel,0,0,unknown,medium,1,1,,,,4.534,5
197,6ae10ef6-c0db-415f-a5ce-22e595c93bf6,2026-05-01T23:34:14.548950,feed,eiffel_dark,travel,0,0,dark,medium,1,1,,,,4.388,6
198,6ae10ef6-c0db-415f-a5ce-22e595c93bf6,2026-05-01T23:34:17.987722,feed,ocean_bright,travel,0,0,bright,low,1,0,,,,3.278,7
199,6ae10ef6-c0db-415f-a5ce-22e595c93bf6,2026-05-01T23:34:21.034660,feed,eiffel_bright,travel,0,0,bright,medium,1,0,,,,2.905,8
200,6ae10ef6-c0db-415f-a5ce-22e595c93bf6,2026-05-01T23:34:26.409937,feed,forest_dark,travel,0,0,dark,low,1,1,,,,5.24,9
201,6ae10ef6-c0db-415f-a5ce-22e595c93bf6,2026-05-01T23:34:29.636008,feed,trees_bright,travel,0,0,bright,medium,1,0,,,,3.085,10
202,6ae10ef6-c0db-415f-a5ce-22e595c93bf6,2026-05-01T23:34:34.523745,distractor,,,,,,,,,Neither,,,,
203,6ae10ef6-c0db-415f-a5ce-22e595c93bf6,2026-05-01T23:34:40.323781,memory,ocean_bright,travel,0,0,bright,low,1,,1,1,3,5.639,
204,6ae10ef6-c0db-415f-a5ce-22e595c93bf6,2026-05-01T23:34:46.553325,memory,lighthouse_bright,travel,0,0,bright,low,0,,0,1,3,6.066,
205,6ae10ef6-c0db-415f-a5ce-22e595c93bf6,2026-05-01T23:34:53.974498,memory,lighthouse_brighter,travel,0,0,bright,low,0,,1,0,1,7.268,
206,6ae10ef6-c0db-415f-a5ce-22e595c93bf6,2026-05-01T23:34:59.668164,memory,beach,travel,0,0,unknown,medium,1,,1,1,3,5.556,
207,6ae10ef6-c0db-415f-a5ce-22e595c93bf6,2026-05-01T23:35:03.243124,memory,trees_dark,travel,0,0,dark,medium,0,,1,0,1,3.433,
208,6ae10ef6-c0db-415f-a5ce-22e595c93bf6,2026-05-01T23:35:07.875236,memory,trees_bright,travel,0,0,bright,medium,1,,1,1,3,4.507,
209,6ae10ef6-c0db-415f-a5ce-22e595c93bf6,2026-05-01T23:35:08.551359,memory,sunset_person,travel,1,0,unknown,medium,1,,0,0,3,0.546,
210,6ae10ef6-c0db-415f-a5ce-22e595c93bf6,2026-05-01T23:35:14.866803,memory,ocean_dark,travel,0,0,dark,low,1,,1,1,3,6.139,
211,6ae10ef6-c0db-415f-a5ce-22e595c93bf6,2026-05-01T23:35:18.617735,memory,lighthouse_darker,travel,0,0,dark,low,1,,1,1,3,3.618,
212,6ae10ef6-c0db-415f-a5ce-22e595c93bf6,2026-05-01T23:35:24.761861,memory,forest_bright,travel,0,0,bright,low,1,,1,1,3,6.007,
213,6ae10ef6-c0db-415f-a5ce-22e595c93bf6,2026-05-01T23:35:29.873299,memory,eiffel_bright,travel,0,0,bright,medium,1,,1,1,3,4.977,
214,6ae10ef6-c0db-415f-a5ce-22e595c93bf6,2026-05-01T23:35:38.304954,memory,forest_dark,travel,0,0,dark,low,1,,1,1,3,8.294,
215,6ae10ef6-c0db-415f-a5ce-22e595c93bf6,2026-05-01T23:35:44.168165,memory,eiffel_dark,travel,0,0,dark,medium,1,,1,1,3,5.726,
216,6ae10ef6-c0db-415f-a5ce-22e595c93bf6,2026-05-01T23:35:48.790228,memory,sunset_noperson,travel,0,0,unknown,medium,0,,1,0,3,4.439,
217,fc23cd30-bb9c-4bd8-9ba1-c219d64743aa,2026-05-01T23:36:16.565380,feed,forest_dark,travel,0,0,dark,low,1,1,,,,13.652,1
218,fc23cd30-bb9c-4bd8-9ba1-c219d64743aa,2026-05-01T23:36:24.230001,feed,ocean_dark,travel,0,0,dark,low,1,1,,,,7.417,2
219,fc23cd30-bb9c-4bd8-9ba1-c219d64743aa,2026-05-01T23:36:30.705705,feed,trees_bright,travel,0,0,bright,medium,1,1,,,,6.299,3
220,fc23cd30-bb9c-4bd8-9ba1-c219d64743aa,2026-05-01T23:36:33.445283,feed,ocean_bright,travel,0,0,bright,low,1,0,,,,2.589,4
221,fc23cd30-bb9c-4bd8-9ba1-c219d64743aa,2026-05-01T23:36:35.856124,feed,beach,travel,0,0,unknown,medium,1,1,,,,2.248,5
222,fc23cd30-bb9c-4bd8-9ba1-c219d64743aa,2026-05-01T23:36:39.537362,feed,trees_dark,travel,0,0,dark,medium,1,1,,,,3.543,6
223,fc23cd30-bb9c-4bd8-9ba1-c219d64743aa,2026-05-01T23:36:44.402436,feed,sunset_person,travel,1,0,unknown,medium,1,0,,,,4.744,7
224,fc23cd30-bb9c-4bd8-9ba1-c219d64743aa,2026-05-01T23:36:47.483582,feed,lighthouse_brighter,travel,0,0,bright,low,1,0,,,,2.941,8
225,fc23cd30-bb9c-4bd8-9ba1-c219d64743aa,2026-05-01T23:36:50.387179,feed,sunset_noperson,travel,0,0,unknown,medium,1,0,,,,2.738,9
226,fc23cd30-bb9c-4bd8-9ba1-c219d64743aa,2026-05-01T23:36:53.400628,feed,eiffel_bright,travel,0,0,bright,medium,1,1,,,,2.854,10
227,fc23cd30-bb9c-4bd8-9ba1-c219d64743aa,2026-05-01T23:37:01.743394,distractor,,,,,,,,,Tea,,,,
228,fc23cd30-bb9c-4bd8-9ba1-c219d64743aa,2026-05-01T23:37:10.290991,memory,lighthouse_brighter,travel,0,0,bright,low,1,,1,1,5,8.343,
229,fc23cd30-bb9c-4bd8-9ba1-c219d64743aa,2026-05-01T23:37:15.335012,memory,eiffel_bright,travel,0,0,bright,medium,1,,1,1,5,4.914,
230,23060434-557f-4f0a-bf66-ddfefdff51e6,2026-05-01T23:37:15.377237,feed,forest_dark,travel,0,0,dark,low,1,1,,,,15.947,1
231,fc23cd30-bb9c-4bd8-9ba1-c219d64743aa,2026-05-01T23:37:19.435823,memory,lighthouse_bright,travel,0,0,bright,low,0,,0,1,3,3.953,
232,23060434-557f-4f0a-bf66-ddfefdff51e6,2026-05-01T23:37:21.440683,feed,lighthouse_bright,travel,0,0,bright,low,1,0,,,,5.872,2
233,fc23cd30-bb9c-4bd8-9ba1-c219d64743aa,2026-05-01T23:37:24.826116,memory,ocean_dark,travel,0,0,dark,low,1,,1,1,5,5.261,
234,23060434-557f-4f0a-bf66-ddfefdff51e6,2026-05-01T23:37:27.274744,feed,forest_bright,travel,0,0,bright,low,1,1,,,,5.709,3
235,fc23cd30-bb9c-4bd8-9ba1-c219d64743aa,2026-05-01T23:37:28.822986,memory,trees_bright,travel,0,0,bright,medium,1,,1,1,5,3.872,
236,23060434-557f-4f0a-bf66-ddfefdff51e6,2026-05-01T23:37:32.099521,feed,trees_dark,travel,0,0,dark,medium,1,1,,,,4.695,4
237,fc23cd30-bb9c-4bd8-9ba1-c219d64743aa,2026-05-01T23:37:33.975344,memory,eiffel_dark,travel,0,0,dark,medium,0,,0,1,5,5.015,
238,fc23cd30-bb9c-4bd8-9ba1-c219d64743aa,2026-05-01T23:37:37.329174,memory,ocean_bright,travel,0,0,bright,low,1,,1,1,5,3.209,
239,fc23cd30-bb9c-4bd8-9ba1-c219d64743aa,2026-05-01T23:37:41.060516,memory,trees_dark,travel,0,0,dark,medium,1,,1,1,5,3.558,
240,23060434-557f-4f0a-bf66-ddfefdff51e6,2026-05-01T23:37:41.963581,feed,trees_bright,travel,0,0,bright,medium,1,1,,,,9.728,5
241,23060434-557f-4f0a-bf66-ddfefdff51e6,2026-05-01T23:37:45.530422,feed,sunset_person,travel,1,0,unknown,medium,1,0,,,,3.432,6
242,fc23cd30-bb9c-4bd8-9ba1-c219d64743aa,2026-05-01T23:37:48.185298,memory,sunset_noperson,travel,0,0,unknown,medium,1,,0,0,3,6.961,
243,23060434-557f-4f0a-bf66-ddfefdff51e6,2026-05-01T23:37:51.326610,feed,beach,travel,0,0,unknown,medium,1,1,,,,5.669,7
244,fc23cd30-bb9c-4bd8-9ba1-c219d64743aa,2026-05-01T23:37:52.809965,memory,forest_bright,travel,0,0,bright,low,0,,0,1,5,4.451,
245,fc23cd30-bb9c-4bd8-9ba1-c219d64743aa,2026-05-01T23:37:56.830260,memory,beach,travel,0,0,unknown,medium,1,,0,0,5,3.882,
246,fc23cd30-bb9c-4bd8-9ba1-c219d64743aa,2026-05-01T23:38:00.403901,memory,sunset_person,travel,1,0,unknown,medium,1,,1,1,5,3.435,
247,23060434-557f-4f0a-bf66-ddfefdff51e6,2026-05-01T23:38:01.007648,feed,ocean_dark,travel,0,0,dark,low,1,1,,,,9.506,8
248,23060434-557f-4f0a-bf66-ddfefdff51e6,2026-05-01T23:38:04.149741,feed,eiffel_bright,travel,0,0,bright,medium,1,0,,,,3.017,9
249,fc23cd30-bb9c-4bd8-9ba1-c219d64743aa,2026-05-01T23:38:04.731139,memory,lighthouse_darker,travel,0,0,dark,low,0,,0,1,4,4.182,
250,fc23cd30-bb9c-4bd8-9ba1-c219d64743aa,2026-05-01T23:38:05.393029,memory,forest_dark,travel,0,0,dark,low,1,,0,0,3,0.52,
251,23060434-557f-4f0a-bf66-ddfefdff51e6,2026-05-01T23:38:06.828630,feed,lighthouse_brighter,travel,0,0,bright,low,1,0,,,,2.499,10
252,23060434-557f-4f0a-bf66-ddfefdff51e6,2026-05-01T23:38:11.502714,distractor,,,,,,,,,Coffee,,,,
253,23060434-557f-4f0a-bf66-ddfefdff51e6,2026-05-01T23:38:24.671993,memory,lighthouse_bright,travel,0,0,bright,low,1,,1,1,2,12.977,
254,23060434-557f-4f0a-bf66-ddfefdff51e6,2026-05-01T23:38:31.192459,memory,beach,travel,0,0,unknown,medium,1,,1,1,4,6.387,
255,23060434-557f-4f0a-bf66-ddfefdff51e6,2026-05-01T23:38:41.145854,memory,forest_dark,travel,0,0,dark,low,1,,1,1,4,9.808,
256,23060434-557f-4f0a-bf66-ddfefdff51e6,2026-05-01T23:38:45.189902,memory,eiffel_bright,travel,0,0,bright,medium,1,,1,1,3,3.854,
257,23060434-557f-4f0a-bf66-ddfefdff51e6,2026-05-01T23:38:51.695553,memory,sunset_noperson,travel,0,0,unknown,medium,0,,0,1,5,6.368,
258,23060434-557f-4f0a-bf66-ddfefdff51e6,2026-05-01T23:38:52.607000,memory,lighthouse_darker,travel,0,0,dark,low,0,,0,1,3,0.739,
259,23060434-557f-4f0a-bf66-ddfefdff51e6,2026-05-01T23:39:02.961456,memory,ocean_dark,travel,0,0,dark,low,1,,1,1,4,10.199,
260,23060434-557f-4f0a-bf66-ddfefdff51e6,2026-05-01T23:39:08.563705,memory,ocean_bright,travel,0,0,bright,low,0,,0,1,3,5.477,
261,23060434-557f-4f0a-bf66-ddfefdff51e6,2026-05-01T23:39:14.127453,memory,trees_dark,travel,0,0,dark,medium,1,,1,1,4,5.416,
262,23060434-557f-4f0a-bf66-ddfefdff51e6,2026-05-01T23:39:20.971956,memory,eiffel_dark,travel,0,0,dark,medium,0,,0,1,5,6.699,
263,23060434-557f-4f0a-bf66-ddfefdff51e6,2026-05-01T23:39:25.346772,memory,sunset_person,travel,1,0,unknown,medium,1,,1,1,4,4.206,
264,23060434-557f-4f0a-bf66-ddfefdff51e6,2026-05-01T23:39:33.729444,memory,forest_bright,travel,0,0,bright,low,1,,0,0,3,8.246,
265,23060434-557f-4f0a-bf66-ddfefdff51e6,2026-05-01T23:39:46.763641,memory,trees_bright,travel,0,0,bright,medium,1,,1,1,4,12.888,
266,23060434-557f-4f0a-bf66-ddfefdff51e6,2026-05-01T23:39:49.307773,memory,lighthouse_brighter,travel,0,0,bright,low,1,,1,1,3,2.418,
267,de366f47-7ec6-4d0b-8e4b-0b814bbf1f24,2026-05-01T23:46:33.412986,feed,lighthouse_brighter,travel,0,0,bright,low,1,0,,,,11.911,1
268,fad9fdd6-6924-4a85-b769-ec719561b4ee,2026-05-04T02:04:55.195479,feed,sunset_person,travel,1,0,unknown,medium,1,1,,,,10.013,1
269,fad9fdd6-6924-4a85-b769-ec719561b4ee,2026-05-04T02:05:08.163264,feed,ocean_bright,travel,0,0,bright,low,1,0,,,,11.716,2
270,fad9fdd6-6924-4a85-b769-ec719561b4ee,2026-05-04T02:05:19.975901,feed,lighthouse_darker,travel,0,0,dark,low,1,1,,,,11.094,3
271,fad9fdd6-6924-4a85-b769-ec719561b4ee,2026-05-04T02:05:24.128054,feed,beach,travel,0,0,unknown,medium,1,1,,,,3.953,4
272,fad9fdd6-6924-4a85-b769-ec719561b4ee,2026-05-04T02:05:29.461569,feed,ocean_dark,travel,0,0,dark,low,1,0,,,,4.983,5
273,fad9fdd6-6924-4a85-b769-ec719561b4ee,2026-05-04T02:05:37.028241,feed,eiffel_dark,travel,0,0,dark,medium,1,0,,,,7.272,6
274,fad9fdd6-6924-4a85-b769-ec719561b4ee,2026-05-04T02:05:39.892615,feed,trees_bright,travel,0,0,bright,medium,1,0,,,,2.69,7
275,fad9fdd6-6924-4a85-b769-ec719561b4ee,2026-05-04T02:05:45.325685,feed,forest_dark,travel,0,0,dark,low,1,1,,,,5.275,8
276,fad9fdd6-6924-4a85-b769-ec719561b4ee,2026-05-04T02:05:49.662775,feed,lighthouse_bright,travel,0,0,bright,low,1,1,,,,4.186,9
277,fad9fdd6-6924-4a85-b769-ec719561b4ee,2026-05-04T02:05:53.920881,feed,lighthouse_brighter,travel,0,0,bright,low,1,1,,,,4.05,10
278,fad9fdd6-6924-4a85-b769-ec719561b4ee,2026-05-04T02:06:05.525882,distractor,,,,,,,,,Coffee,,,,
279,fad9fdd6-6924-4a85-b769-ec719561b4ee,2026-05-04T02:06:11.226626,memory,lighthouse_brighter,travel,0,0,bright,low,1,,0,0,3,5.522,
280,fad9fdd6-6924-4a85-b769-ec719561b4ee,2026-05-04T02:06:19.983892,memory,ocean_dark,travel,0,0,dark,low,1,,0,0,5,8.571,
281,fad9fdd6-6924-4a85-b769-ec719561b4ee,2026-05-04T02:06:30.647465,memory,forest_bright,travel,0,0,bright,low,0,,0,1,3,10.502,
282,fad9fdd6-6924-4a85-b769-ec719561b4ee,2026-05-04T02:06:43.108789,memory,lighthouse_darker,travel,0,0,dark,low,1,,0,0,5,12.284,
283,fad9fdd6-6924-4a85-b769-ec719561b4ee,2026-05-04T02:06:54.970651,memory,forest_dark,travel,0,0,dark,low,1,,0,0,5,11.606,
284,fad9fdd6-6924-4a85-b769-ec719561b4ee,2026-05-04T02:07:00.103042,memory,sunset_noperson,travel,0,0,unknown,medium,0,,0,1,5,4.985,
285,fad9fdd6-6924-4a85-b769-ec719561b4ee,2026-05-04T02:07:06.598781,memory,beach,travel,0,0,unknown,medium,1,,0,0,3,6.319,
286,fad9fdd6-6924-4a85-b769-ec719561b4ee,2026-05-04T02:07:10.827819,memory,eiffel_dark,travel,0,0,dark,medium,1,,0,0,3,4.059,
287,fad9fdd6-6924-4a85-b769-ec719561b4ee,2026-05-04T02:07:16.507919,memory,trees_dark,travel,0,0,dark,medium,0,,0,1,4,5.509,
288,fad9fdd6-6924-4a85-b769-ec719561b4ee,2026-05-04T02:07:22.526961,memory,trees_bright,travel,0,0,bright,medium,1,,0,0,5,5.87,
289,fad9fdd6-6924-4a85-b769-ec719561b4ee,2026-05-04T02:07:27.877465,memory,ocean_bright,travel,0,0,bright,low,1,,0,0,2,5.161,
290,fad9fdd6-6924-4a85-b769-ec719561b4ee,2026-05-04T02:07:41.075762,memory,eiffel_bright,travel,0,0,bright,medium,0,,0,1,3,13.025,
291,fad9fdd6-6924-4a85-b769-ec719561b4ee,2026-05-04T02:07:50.571531,memory,lighthouse_bright,travel,0,0,bright,low,1,,0,0,3,9.31,
292,fad9fdd6-6924-4a85-b769-ec719561b4ee,2026-05-04T02:07:55.612925,memory,sunset_person,travel,1,0,unknown,medium,1,,0,0,3,4.821,
293,8ca36414-902c-4b88-afa4-ed505ded019c,2026-05-11T19:10:58.108807,feed,lighthouse_bright,travel,0,0,bright,low,1,0,,,,509.106,1
294,8ca36414-902c-4b88-afa4-ed505ded019c,2026-05-11T19:11:14.505342,feed,ocean_bright,travel,0,0,bright,low,1,1,,,,15.26,2
295,8ca36414-902c-4b88-afa4-ed505ded019c,2026-05-11T19:11:51.325856,feed,lighthouse_brighter,travel,0,0,bright,low,1,1,,,,36.532,3
296,8ca36414-902c-4b88-afa4-ed505ded019c,2026-05-11T19:11:55.173527,feed,trees_dark,travel,0,0,dark,medium,1,0,,,,2.999,4
297,8ca36414-902c-4b88-afa4-ed505ded019c,2026-05-11T19:11:57.026600,feed,forest_bright,travel,0,0,bright,low,1,0,,,,1.678,5
298,8ca36414-902c-4b88-afa4-ed505ded019c,2026-05-11T19:11:59.687798,feed,sunset_person,travel,1,0,unknown,medium,1,0,,,,2.28,6
299,8ca36414-902c-4b88-afa4-ed505ded019c,2026-05-11T19:12:02.064785,feed,beach,travel,0,0,unknown,medium,1,0,,,,2.171,7
300,8ca36414-902c-4b88-afa4-ed505ded019c,2026-05-11T19:12:04.194777,feed,eiffel_bright,travel,0,0,bright,medium,1,0,,,,2.0,8
301,8ca36414-902c-4b88-afa4-ed505ded019c,2026-05-11T19:12:39.990896,feed,lighthouse_darker,travel,0,0,dark,low,1,0,,,,34.45,9
302,8ca36414-902c-4b88-afa4-ed505ded019c,2026-05-11T19:12:43.467128,feed,ocean_dark,travel,0,0,dark,low,1,0,,,,3.162,10
303,8ca36414-902c-4b88-afa4-ed505ded019c,2026-05-11T19:13:06.801329,distractor,,,,,,,,,Neither,,,,
304,8ca36414-902c-4b88-afa4-ed505ded019c,2026-05-11T19:18:24.821225,memory,eiffel_bright,travel,0,0,bright,medium,1,,1,1,3,317.883,
305,8ca36414-902c-4b88-afa4-ed505ded019c,2026-05-11T19:18:28.700211,memory,sunset_person,travel,1,0,unknown,medium,1,,0,0,3,3.319,
306,8ca36414-902c-4b88-afa4-ed505ded019c,2026-05-11T19:18:29.639833,memory,sunset_person,travel,1,0,unknown,medium,1,,0,0,3,4.259,
307,8ca36414-902c-4b88-afa4-ed505ded019c,2026-05-11T19:18:34.263892,memory,forest_bright,travel,0,0,bright,low,1,,1,1,3,4.473,
308,8ca36414-902c-4b88-afa4-ed505ded019c,2026-05-11T19:18:37.774472,memory,lighthouse_bright,travel,0,0,bright,low,1,,1,1,3,3.364,
309,8ca36414-902c-4b88-afa4-ed505ded019c,2026-05-11T19:18:42.623012,memory,sunset_noperson,travel,0,0,unknown,medium,0,,0,1,3,4.711,
310,8ca36414-902c-4b88-afa4-ed505ded019c,2026-05-11T19:18:46.360103,memory,beach,travel,0,0,unknown,medium,1,,1,1,3,3.583,
311,8ca36414-902c-4b88-afa4-ed505ded019c,2026-05-11T19:18:49.928213,memory,trees_dark,travel,0,0,dark,medium,1,,0,0,3,3.432,
312,8ca36414-902c-4b88-afa4-ed505ded019c,2026-05-11T19:18:54.023019,memory,lighthouse_darker,travel,0,0,dark,low,1,,1,1,3,3.925,
313,8ca36414-902c-4b88-afa4-ed505ded019c,2026-05-11T19:18:58.294188,memory,ocean_bright,travel,0,0,bright,low,1,,1,1,3,4.109,
314,8ca36414-902c-4b88-afa4-ed505ded019c,2026-05-11T19:19:04.714073,memory,eiffel_dark,travel,0,0,dark,medium,0,,0,1,3,6.262,
315,8ca36414-902c-4b88-afa4-ed505ded019c,2026-05-11T19:19:08.376582,memory,trees_bright,travel,0,0,bright,medium,0,,1,0,3,3.5,
316,8ca36414-902c-4b88-afa4-ed505ded019c,2026-05-11T19:19:13.070201,memory,ocean_dark,travel,0,0,dark,low,1,,0,0,3,4.497,
317,8ca36414-902c-4b88-afa4-ed505ded019c,2026-05-11T19:19:15.962184,memory,lighthouse_brighter,travel,0,0,bright,low,1,,1,1,3,2.729,
318,8ca36414-902c-4b88-afa4-ed505ded019c,2026-05-11T19:19:20.158059,memory,forest_dark,travel,0,0,dark,low,0,,0,1,3,4.047,
319,2056e535-5d44-4bdb-a0de-c7c100041f28,2026-05-12T19:17:28.992375,feed,trees_bright,travel,0,0,bright,medium,1,0,,,,15.182,1
320,2056e535-5d44-4bdb-a0de-c7c100041f28,2026-05-12T19:17:36.989707,feed,eiffel_dark,travel,0,0,dark,medium,1,1,,,,6.766,2
321,2056e535-5d44-4bdb-a0de-c7c100041f28,2026-05-12T19:17:43.425459,feed,lighthouse_darker,travel,0,0,dark,low,1,1,,,,6.102,3
322,2056e535-5d44-4bdb-a0de-c7c100041f28,2026-05-12T19:17:47.821218,feed,sunset_noperson,travel,0,0,unknown,medium,1,1,,,,4.055,4
323,2056e535-5d44-4bdb-a0de-c7c100041f28,2026-05-12T19:17:53.684517,feed,forest_bright,travel,0,0,bright,low,1,1,,,,5.562,5
324,2056e535-5d44-4bdb-a0de-c7c100041f28,2026-05-12T19:17:58.133088,feed,eiffel_bright,travel,0,0,bright,medium,1,0,,,,4.294,6
325,2056e535-5d44-4bdb-a0de-c7c100041f28,2026-05-12T19:18:03.627516,feed,lighthouse_brighter,travel,0,0,bright,low,1,0,,,,5.322,7
326,2056e535-5d44-4bdb-a0de-c7c100041f28,2026-05-12T19:18:08.137815,feed,ocean_bright,travel,0,0,bright,low,1,1,,,,4.363,8
327,2056e535-5d44-4bdb-a0de-c7c100041f28,2026-05-12T19:18:11.523378,feed,lighthouse_bright,travel,0,0,bright,low,1,0,,,,2.923,9
328,2056e535-5d44-4bdb-a0de-c7c100041f28,2026-05-12T19:18:17.420000,feed,forest_dark,travel,0,0,dark,low,1,0,,,,5.729,10
329,2056e535-5d44-4bdb-a0de-c7c100041f28,2026-05-12T19:18:24.149459,distractor,,,,,,,,,Coffee,,,,
330,2056e535-5d44-4bdb-a0de-c7c100041f28,2026-05-12T19:18:31.452069,memory,lighthouse_brighter,travel,0,0,bright,low,1,,1,1,5,7.125,
331,2056e535-5d44-4bdb-a0de-c7c100041f28,2026-05-12T19:18:36.475080,memory,ocean_bright,travel,0,0,bright,low,1,,1,1,5,4.875,
332,2056e535-5d44-4bdb-a0de-c7c100041f28,2026-05-12T19:18:44.121677,memory,lighthouse_darker,travel,0,0,dark,low,1,,1,1,3,7.484,
333,2056e535-5d44-4bdb-a0de-c7c100041f28,2026-05-12T19:18:52.638425,memory,eiffel_dark,travel,0,0,dark,medium,1,,1,1,4,8.352,
334,2056e535-5d44-4bdb-a0de-c7c100041f28,2026-05-12T19:18:57.470682,memory,beach,travel,0,0,unknown,medium,0,,0,1,5,4.672,
335,2056e535-5d44-4bdb-a0de-c7c100041f28,2026-05-12T19:19:08.393381,memory,forest_bright,travel,0,0,bright,low,1,,1,1,3,10.764,
336,2056e535-5d44-4bdb-a0de-c7c100041f28,2026-05-12T19:19:08.986024,memory,lighthouse_bright,travel,0,0,bright,low,1,,0,0,3,0.405,
337,2056e535-5d44-4bdb-a0de-c7c100041f28,2026-05-12T19:19:14.358286,memory,sunset_noperson,travel,0,0,unknown,medium,1,,1,1,5,5.223,
338,2056e535-5d44-4bdb-a0de-c7c100041f28,2026-05-12T19:19:22.245033,memory,sunset_person,travel,1,0,unknown,medium,0,,0,1,4,7.74,
339,2056e535-5d44-4bdb-a0de-c7c100041f28,2026-05-12T19:19:29.848331,memory,ocean_dark,travel,0,0,dark,low,0,,0,1,5,7.425,
340,2056e535-5d44-4bdb-a0de-c7c100041f28,2026-05-12T19:19:35.638951,memory,forest_dark,travel,0,0,dark,low,1,,1,1,5,5.633,
341,2056e535-5d44-4bdb-a0de-c7c100041f28,2026-05-12T19:19:40.985413,memory,trees_dark,travel,0,0,dark,medium,0,,0,1,5,5.175,
342,2056e535-5d44-4bdb-a0de-c7c100041f28,2026-05-12T19:19:46.229341,memory,trees_bright,travel,0,0,bright,medium,1,,1,1,5,5.011,
343,2056e535-5d44-4bdb-a0de-c7c100041f28,2026-05-12T19:19:51.402986,memory,eiffel_bright,travel,0,0,bright,medium,1,,1,1,5,5.0,
344,3ec1f859-7a27-42d7-bd1d-c8c71fe62615,2026-05-12T20:18:16.873830,feed,eiffel_dark,travel,0,0,dark,medium,1,0,,,,7.693,1
345,3ec1f859-7a27-42d7-bd1d-c8c71fe62615,2026-05-12T20:18:27.716074,feed,sunset_noperson,travel,0,0,unknown,medium,1,1,,,,9.815,2
346,3ec1f859-7a27-42d7-bd1d-c8c71fe62615,2026-05-12T20:18:32.509827,feed,lighthouse_bright,travel,0,0,bright,low,1,1,,,,4.471,3
347,3ec1f859-7a27-42d7-bd1d-c8c71fe62615,2026-05-12T20:18:37.666497,feed,ocean_dark,travel,0,0,dark,low,1,0,,,,4.823,4
348,3ec1f859-7a27-42d7-bd1d-c8c71fe62615,2026-05-12T20:18:41.584849,feed,trees_dark,travel,0,0,dark,medium,1,0,,,,3.63,5
349,3ec1f859-7a27-42d7-bd1d-c8c71fe62615,2026-05-12T20:18:46.270549,feed,trees_bright,travel,0,0,bright,medium,1,1,,,,4.516,6
350,3ec1f859-7a27-42d7-bd1d-c8c71fe62615,2026-05-12T20:18:49.618236,feed,eiffel_bright,travel,0,0,bright,medium,1,0,,,,3.178,7
351,3ec1f859-7a27-42d7-bd1d-c8c71fe62615,2026-05-12T20:18:52.511103,feed,sunset_person,travel,1,0,unknown,medium,1,0,,,,2.738,8
352,3ec1f859-7a27-42d7-bd1d-c8c71fe62615,2026-05-12T20:18:56.334875,feed,ocean_bright,travel,0,0,bright,low,1,0,,,,3.574,9
353,3ec1f859-7a27-42d7-bd1d-c8c71fe62615,2026-05-12T20:19:01.756264,feed,lighthouse_darker,travel,0,0,dark,low,1,1,,,,5.254,10
354,3ec1f859-7a27-42d7-bd1d-c8c71fe62615,2026-05-12T20:19:10.027690,distractor,,,,,,,,,Tea,,,,
355,3ec1f859-7a27-42d7-bd1d-c8c71fe62615,2026-05-12T20:19:17.018996,memory,trees_bright,travel,0,0,bright,medium,1,,1,1,5,6.804,
356,3ec1f859-7a27-42d7-bd1d-c8c71fe62615,2026-05-12T20:19:23.633318,memory,eiffel_bright,travel,0,0,bright,medium,1,,1,1,5,6.439,
357,3ec1f859-7a27-42d7-bd1d-c8c71fe62615,2026-05-12T20:19:28.547503,memory,forest_bright,travel,0,0,bright,low,0,,0,1,4,4.738,
358,3ec1f859-7a27-42d7-bd1d-c8c71fe62615,2026-05-12T20:19:33.841582,memory,eiffel_dark,travel,0,0,dark,medium,1,,1,1,5,5.101,
359,3ec1f859-7a27-42d7-bd1d-c8c71fe62615,2026-05-12T20:19:38.477454,memory,lighthouse_brighter,travel,0,0,bright,low,0,,1,0,4,4.455,
360,3ec1f859-7a27-42d7-bd1d-c8c71fe62615,2026-05-12T20:19:43.710781,memory,ocean_bright,travel,0,0,bright,low,1,,1,1,5,5.062,
361,3ec1f859-7a27-42d7-bd1d-c8c71fe62615,2026-05-12T20:19:50.282035,memory,lighthouse_bright,travel,0,0,bright,low,1,,1,1,4,6.417,
362,3ec1f859-7a27-42d7-bd1d-c8c71fe62615,2026-05-12T20:19:57.091687,memory,ocean_dark,travel,0,0,dark,low,1,,1,1,3,6.636,
363,3ec1f859-7a27-42d7-bd1d-c8c71fe62615,2026-05-12T20:20:02.819277,memory,beach,travel,0,0,unknown,medium,0,,0,1,4,5.572,
364,3ec1f859-7a27-42d7-bd1d-c8c71fe62615,2026-05-12T20:20:07.693700,memory,trees_dark,travel,0,0,dark,medium,1,,1,1,5,4.712,
365,3ec1f859-7a27-42d7-bd1d-c8c71fe62615,2026-05-12T20:20:12.792520,memory,lighthouse_darker,travel,0,0,dark,low,1,,1,1,4,4.802,
366,3ec1f859-7a27-42d7-bd1d-c8c71fe62615,2026-05-12T20:20:18.528352,memory,sunset_person,travel,1,0,unknown,medium,1,,1,1,5,5.56,
367,3ec1f859-7a27-42d7-bd1d-c8c71fe62615,2026-05-12T20:20:25.580177,memory,sunset_noperson,travel,0,0,unknown,medium,1,,1,1,4,6.904,
368,3ec1f859-7a27-42d7-bd1d-c8c71fe62615,2026-05-12T20:20:31.698711,memory,forest_dark,travel,0,0,dark,low,0,,0,1,4,5.955,
369,6bd29c70-696b-4dc0-bc67-c837697f2b3e,2026-05-13T01:03:09.740724,feed,beach,travel,0,0,unknown,medium,1,0,,,,6.049,1
370,6bd29c70-696b-4dc0-bc67-c837697f2b3e,2026-05-13T01:03:12.957822,feed,lighthouse_brighter,travel,0,0,bright,low,1,0,,,,2.083,2
371,6bd29c70-696b-4dc0-bc67-c837697f2b3e,2026-05-13T01:03:15.103382,feed,sunset_noperson,travel,0,0,unknown,medium,1,0,,,,1.97,3
372,6bd29c70-696b-4dc0-bc67-c837697f2b3e,2026-05-13T01:03:18.260181,feed,eiffel_dark,travel,0,0,dark,medium,1,0,,,,2.986,4
373,6bd29c70-696b-4dc0-bc67-c837697f2b3e,2026-05-13T01:03:20.620437,feed,ocean_bright,travel,0,0,bright,low,1,0,,,,2.028,5
374,6bd29c70-696b-4dc0-bc67-c837697f2b3e,2026-05-13T01:03:23.019729,feed,lighthouse_darker,travel,0,0,dark,low,1,0,,,,2.251,6
375,6bd29c70-696b-4dc0-bc67-c837697f2b3e,2026-05-13T01:03:25.488297,feed,eiffel_bright,travel,0,0,bright,medium,1,0,,,,2.327,7
376,6bd29c70-696b-4dc0-bc67-c837697f2b3e,2026-05-13T01:03:28.601046,feed,forest_dark,travel,0,0,dark,low,1,0,,,,2.976,8
377,6bd29c70-696b-4dc0-bc67-c837697f2b3e,2026-05-13T01:03:31.174277,feed,trees_dark,travel,0,0,dark,medium,1,0,,,,2.419,9
378,6bd29c70-696b-4dc0-bc67-c837697f2b3e,2026-05-13T01:03:33.199886,feed,lighthouse_bright,travel,0,0,bright,low,1,0,,,,1.861,10
379,6bd29c70-696b-4dc0-bc67-c837697f2b3e,2026-05-13T01:03:40.900932,distractor,,,,,,,,,Coffee,,,,
380,6bd29c70-696b-4dc0-bc67-c837697f2b3e,2026-05-13T01:03:51.243407,memory,forest_bright,travel,0,0,bright,low,0,,0,1,4,9.974,
381,6bd29c70-696b-4dc0-bc67-c837697f2b3e,2026-05-13T01:03:57.613354,memory,eiffel_bright,travel,0,0,bright,medium,1,,1,1,5,6.207,
382,6bd29c70-696b-4dc0-bc67-c837697f2b3e,2026-05-13T01:04:03.618531,memory,sunset_person,travel,1,0,unknown,medium,0,,1,0,4,5.719,
383,6bd29c70-696b-4dc0-bc67-c837697f2b3e,2026-05-13T01:04:09.873346,memory,lighthouse_brighter,travel,0,0,bright,low,1,,1,1,4,6.105,
384,6bd29c70-696b-4dc0-bc67-c837697f2b3e,2026-05-13T01:04:14.932184,memory,trees_dark,travel,0,0,dark,medium,1,,1,1,4,4.855,
385,6bd29c70-696b-4dc0-bc67-c837697f2b3e,2026-05-13T01:04:19.436747,memory,eiffel_dark,travel,0,0,dark,medium,1,,1,1,4,4.35,
386,6bd29c70-696b-4dc0-bc67-c837697f2b3e,2026-05-13T01:04:24.559048,memory,lighthouse_darker,travel,0,0,dark,low,1,,1,1,4,4.799,
387,6bd29c70-696b-4dc0-bc67-c837697f2b3e,2026-05-13T01:04:25.375492,memory,lighthouse_darker,travel,0,0,dark,low,1,,1,1,4,5.616,
388,6bd29c70-696b-4dc0-bc67-c837697f2b3e,2026-05-13T01:04:30.074053,memory,trees_bright,travel,0,0,bright,medium,0,,0,1,4,4.55,
389,6bd29c70-696b-4dc0-bc67-c837697f2b3e,2026-05-13T01:04:34.837819,memory,forest_dark,travel,0,0,dark,low,1,,1,1,4,4.619,
390,6bd29c70-696b-4dc0-bc67-c837697f2b3e,2026-05-13T01:04:42.024041,memory,sunset_noperson,travel,0,0,unknown,medium,1,,1,1,4,7.04,
391,6bd29c70-696b-4dc0-bc67-c837697f2b3e,2026-05-13T01:04:48.404828,memory,beach,travel,0,0,unknown,medium,1,,0,0,2,6.214,
392,6bd29c70-696b-4dc0-bc67-c837697f2b3e,2026-05-13T01:04:55.277352,memory,ocean_dark,travel,0,0,dark,low,0,,0,1,4,6.719,
393,6bd29c70-696b-4dc0-bc67-c837697f2b3e,2026-05-13T01:05:00.577471,memory,ocean_bright,travel,0,0,bright,low,1,,1,1,5,5.133,
394,6bd29c70-696b-4dc0-bc67-c837697f2b3e,2026-05-13T01:05:08.696007,memory,lighthouse_bright,travel,0,0,bright,low,1,,0,0,2,7.983,
395,40c93f09-2aaa-4e26-bc1e-c59431ecf368,2026-05-13T18:39:10.803364,feed,trees_bright,travel,0,0,bright,medium,1,0,,,,7.638,1
396,40c93f09-2aaa-4e26-bc1e-c59431ecf368,2026-05-13T18:39:17.125170,feed,eiffel_bright,travel,0,0,bright,medium,1,0,,,,5.148,2
397,40c93f09-2aaa-4e26-bc1e-c59431ecf368,2026-05-13T18:39:24.542213,feed,lighthouse_darker,travel,0,0,dark,low,1,0,,,,7.237,3
398,eef340e7-5ab4-4cc9-b5a8-4a7f843ef61b,2026-05-13T18:39:59.103358,feed,trees_dark,travel,0,0,dark,medium,1,0,,,,4.784,1
399,eef340e7-5ab4-4cc9-b5a8-4a7f843ef61b,2026-05-13T18:40:03.504228,feed,eiffel_bright,travel,0,0,bright,medium,1,1,,,,4.221,2
400,eef340e7-5ab4-4cc9-b5a8-4a7f843ef61b,2026-05-13T18:40:11.805941,feed,forest_dark,travel,0,0,dark,low,1,1,,,,8.136,3
401,eef340e7-5ab4-4cc9-b5a8-4a7f843ef61b,2026-05-13T18:40:19.067658,feed,ocean_dark,travel,0,0,dark,low,1,1,,,,7.113,4
402,eef340e7-5ab4-4cc9-b5a8-4a7f843ef61b,2026-05-13T18:40:24.874072,feed,sunset_person,travel,1,0,unknown,medium,1,1,,,,5.494,5
403,eef340e7-5ab4-4cc9-b5a8-4a7f843ef61b,2026-05-13T18:40:29.506153,feed,beach,travel,0,0,unknown,medium,1,1,,,,4.306,6
404,eef340e7-5ab4-4cc9-b5a8-4a7f843ef61b,2026-05-13T18:40:32.564556,feed,lighthouse_brighter,travel,0,0,bright,low,1,1,,,,2.904,7
405,eef340e7-5ab4-4cc9-b5a8-4a7f843ef61b,2026-05-13T18:40:36.365941,feed,lighthouse_bright,travel,0,0,bright,low,1,1,,,,3.655,8
406,eef340e7-5ab4-4cc9-b5a8-4a7f843ef61b,2026-05-13T18:40:41.687780,feed,ocean_bright,travel,0,0,bright,low,1,1,,,,5.114,9
407,eef340e7-5ab4-4cc9-b5a8-4a7f843ef61b,2026-05-13T18:40:45.972112,feed,sunset_noperson,travel,0,0,unknown,medium,1,1,,,,4.093,10
408,eef340e7-5ab4-4cc9-b5a8-4a7f843ef61b,2026-05-13T18:40:50.230467,distractor,,,,,,,,,Neither,,,,
409,eef340e7-5ab4-4cc9-b5a8-4a7f843ef61b,2026-05-13T18:41:06.437919,memory,ocean_dark,travel,0,0,dark,low,1,,0,0,4,16.033,
410,eef340e7-5ab4-4cc9-b5a8-4a7f843ef61b,2026-05-13T18:41:17.122282,memory,lighthouse_darker,travel,0,0,dark,low,0,,1,0,3,10.525,
411,eef340e7-5ab4-4cc9-b5a8-4a7f843ef61b,2026-05-13T18:41:21.608656,memory,lighthouse_bright,travel,0,0,bright,low,1,,1,1,3,4.336,
412,eef340e7-5ab4-4cc9-b5a8-4a7f843ef61b,2026-05-13T18:41:27.360915,memory,forest_bright,travel,0,0,bright,low,0,,0,1,5,5.607,
413,eef340e7-5ab4-4cc9-b5a8-4a7f843ef61b,2026-05-13T18:41:33.281996,memory,forest_dark,travel,0,0,dark,low,1,,1,1,5,5.76,
414,eef340e7-5ab4-4cc9-b5a8-4a7f843ef61b,2026-05-13T18:41:38.748307,memory,trees_dark,travel,0,0,dark,medium,1,,1,1,5,5.32,
415,eef340e7-5ab4-4cc9-b5a8-4a7f843ef61b,2026-05-13T18:41:43.703550,memory,sunset_person,travel,1,0,unknown,medium,1,,1,1,5,4.707,
416,eef340e7-5ab4-4cc9-b5a8-4a7f843ef61b,2026-05-13T18:41:49.471407,memory,beach,travel,0,0,unknown,medium,1,,1,1,5,5.612,
417,eef340e7-5ab4-4cc9-b5a8-4a7f843ef61b,2026-05-13T18:41:57.208748,memory,trees_bright,travel,0,0,bright,medium,0,,0,1,5,7.581,
418,eef340e7-5ab4-4cc9-b5a8-4a7f843ef61b,2026-05-13T18:42:03.039933,memory,sunset_noperson,travel,0,0,unknown,medium,1,,1,1,5,5.663,
419,eef340e7-5ab4-4cc9-b5a8-4a7f843ef61b,2026-05-13T18:42:07.966133,memory,ocean_bright,travel,0,0,bright,low,1,,1,1,5,4.778,
420,eef340e7-5ab4-4cc9-b5a8-4a7f843ef61b,2026-05-13T18:42:14.890063,memory,lighthouse_brighter,travel,0,0,bright,low,1,,1,1,4,6.779,
421,eef340e7-5ab4-4cc9-b5a8-4a7f843ef61b,2026-05-13T18:42:22.207803,memory,eiffel_dark,travel,0,0,dark,medium,0,,0,1,4,7.165,
422,eef340e7-5ab4-4cc9-b5a8-4a7f843ef61b,2026-05-13T18:42:29.651605,memory,eiffel_bright,travel,0,0,bright,medium,1,,1,1,2,7.277,
423,c834bb8f-47a4-481c-9b1e-a184ab531eaa,2026-05-13T19:07:23.739938,feed,lighthouse_darker,travel,0,0,dark,low,1,0,,,,10.053,1
424,c834bb8f-47a4-481c-9b1e-a184ab531eaa,2026-05-13T19:07:30.833446,feed,lighthouse_bright,travel,0,0,bright,low,1,1,,,,6.161,2
425,c834bb8f-47a4-481c-9b1e-a184ab531eaa,2026-05-13T19:07:34.268823,feed,ocean_bright,travel,0,0,bright,low,1,0,,,,3.093,3
426,c834bb8f-47a4-481c-9b1e-a184ab531eaa,2026-05-13T19:07:37.214736,feed,lighthouse_brighter,travel,0,0,bright,low,1,0,,,,2.661,4
427,c834bb8f-47a4-481c-9b1e-a184ab531eaa,2026-05-13T19:07:40.925752,feed,forest_dark,travel,0,0,dark,low,1,0,,,,3.564,5
428,c834bb8f-47a4-481c-9b1e-a184ab531eaa,2026-05-13T19:07:44.591301,feed,eiffel_bright,travel,0,0,bright,medium,1,1,,,,3.53,6
429,c834bb8f-47a4-481c-9b1e-a184ab531eaa,2026-05-13T19:07:50.612094,feed,trees_bright,travel,0,0,bright,medium,1,1,,,,5.745,7
430,c834bb8f-47a4-481c-9b1e-a184ab531eaa,2026-05-13T19:07:56.432111,feed,eiffel_dark,travel,0,0,dark,medium,1,1,,,,5.682,8
431,c834bb8f-47a4-481c-9b1e-a184ab531eaa,2026-05-13T19:07:59.550003,feed,trees_dark,travel,0,0,dark,medium,1,0,,,,2.816,9
432,c834bb8f-47a4-481c-9b1e-a184ab531eaa,2026-05-13T19:08:03.919400,feed,forest_bright,travel,0,0,bright,low,1,1,,,,4.226,10
433,c834bb8f-47a4-481c-9b1e-a184ab531eaa,2026-05-13T19:08:18.036113,distractor,,,,,,,,,Tea,,,,
434,c834bb8f-47a4-481c-9b1e-a184ab531eaa,2026-05-13T19:08:25.018130,memory,forest_bright,travel,0,0,bright,low,1,,1,1,5,6.822,
435,c834bb8f-47a4-481c-9b1e-a184ab531eaa,2026-05-13T19:09:16.532366,memory,ocean_dark,travel,0,0,dark,low,0,,0,1,4,51.349,
436,c834bb8f-47a4-481c-9b1e-a184ab531eaa,2026-05-13T19:09:22.176205,memory,forest_dark,travel,0,0,dark,low,1,,1,1,5,5.322,
437,c834bb8f-47a4-481c-9b1e-a184ab531eaa,2026-05-13T19:09:30.381637,memory,eiffel_bright,travel,0,0,bright,medium,1,,1,1,5,8.04,
438,c834bb8f-47a4-481c-9b1e-a184ab531eaa,2026-05-13T19:09:34.682104,memory,eiffel_dark,travel,0,0,dark,medium,1,,1,1,5,4.152,
439,c834bb8f-47a4-481c-9b1e-a184ab531eaa,2026-05-13T19:09:39.579154,memory,lighthouse_brighter,travel,0,0,bright,low,1,,1,1,5,4.715,
440,c834bb8f-47a4-481c-9b1e-a184ab531eaa,2026-05-13T19:09:45.199918,memory,sunset_person,travel,1,0,unknown,medium,0,,0,1,4,5.487,
441,c834bb8f-47a4-481c-9b1e-a184ab531eaa,2026-05-13T19:09:49.358345,memory,beach,travel,0,0,unknown,medium,0,,0,1,5,4.003,
442,c834bb8f-47a4-481c-9b1e-a184ab531eaa,2026-05-13T19:09:53.897754,memory,lighthouse_darker,travel,0,0,dark,low,1,,1,1,5,4.384,
443,c834bb8f-47a4-481c-9b1e-a184ab531eaa,2026-05-13T19:10:05.621941,memory,lighthouse_bright,travel,0,0,bright,low,1,,1,1,5,11.562,
444,c834bb8f-47a4-481c-9b1e-a184ab531eaa,2026-05-13T19:10:10.448884,memory,trees_dark,travel,0,0,dark,medium,1,,1,1,5,4.691,
445,c834bb8f-47a4-481c-9b1e-a184ab531eaa,2026-05-13T19:10:22.086491,memory,sunset_noperson,travel,0,0,unknown,medium,0,,1,0,3,11.483,
446,c834bb8f-47a4-481c-9b1e-a184ab531eaa,2026-05-13T19:10:28.331775,memory,ocean_bright,travel,0,0,bright,low,1,,1,1,5,6.107,
447,c834bb8f-47a4-481c-9b1e-a184ab531eaa,2026-05-13T19:10:33.123267,memory,trees_bright,travel,0,0,bright,medium,1,,1,1,5,4.66,